,customerid,Good_Bad_Flag
0,8a858f305c8dd672015c93b1db645db4,1
1,8a858fde56eb02280156eb6dafc128ac,1
2,8a858fde56eb02280156eb6dafc128ac,1
3,8a858fde56eb02280156eb6dafc128ac,1
4,8a858fde56eb02280156eb6dafc128ac,1
5,8a858fde56eb02280156eb6dafc128ac,1
6,8a858fde56eb02280156eb6dafc128ac,1
7,8a858fde56eb02280156eb6dafc128ac,1
8,8a858fde56eb02280156eb6dafc128ac,1
9,8a858fde56eb02280156eb6dafc128ac,1
10,8a858fde56eb02280156eb6dafc128ac,1
11,8a858fde56eb02280156eb6dafc128ac,1
12,8a858fde56eb02280156eb6dafc128ac,1
13,8a858fde56eb02280156eb6dafc128ac,1
14,8a858e695775665c015779a1a5cc1192,1
15,8a858e695775665c015779a1a5cc1192,1
16,8a858e695775665c015779a1a5cc1192,1
17,8a858e695775665c015779a1a5cc1192,1
18,8a858e695775665c015779a1a5cc1192,1
19,8a858e695775665c015779a1a5cc1192,1
20,8a858e695775665c015779a1a5cc1192,1
21,8a858fcf5b39c3ba015b3d9f215c3922,1
22,8a858fcf5b39c3ba015b3d9f215c3922,1
23,8a858edc5ceea2e6015ceea77c5c0300,1
24,8a8588c2546bf759015471842d602473,1
25,8a8588c2546bf759015471842d602473,1
26,8a8588c2546bf759015471842d602473,1
27,8a858ef85a613c85015a684e546a4e82,1
28,8a858ef85a613c85015a684e546a4e82,1
29,8a858ec75c11a07a015c16a2289b4fa7,1
30,8a858ec95afc0922015aff7d927011fb,1
31,8a858ec95afc0922015aff7d927011fb,1
32,8a858ec95afc0922015aff7d927011fb,1
33,8a858ec95afc0922015aff7d927011fb,1
34,8a858e2d565657b101565ae54e5638c1,1
35,8a858e2d565657b101565ae54e5638c1,1
36,8a858e2d565657b101565ae54e5638c1,1
37,8a858e2d565657b101565ae54e5638c1,1
38,8a858e2d565657b101565ae54e5638c1,1
39,8a858e2d565657b101565ae54e5638c1,1
40,8a858e2d565657b101565ae54e5638c1,1
41,8a858e2d565657b101565ae54e5638c1,1
42,8a858e2d565657b101565ae54e5638c1,1
43,8a858887545183ca015458c977db7bd2,1
44,8a858887545183ca015458c977db7bd2,1
45,8a858f055b15b8d3015b168707084a4b,1
46,8a858f055b15b8d3015b168707084a4b,1
47,8a858f055b15b8d3015b168707084a4b,1
48,8a858f055b15b8d3015b168707084a4b,1
49,8a858ef25c8393f8015c873e2c443d27,1
50,8a858fab5cd5e1a7015cd9c3b9ae0f29,1
51,8a858ff9580b881201581e41fa95467b,1
52,8a858ff9580b881201581e41fa95467b,1
53,8a858ff9580b881201581e41fa95467b,1
54,8a858ff9580b881201581e41fa95467b,1
55,8a858ff9580b881201581e41fa95467b,1
56,8a858ff9580b881201581e41fa95467b,1
57,8a858ff9580b881201581e41fa95467b,1
58,8a858f375b493337015b56c4ef7a4e0c,1
59,8a858f375b493337015b56c4ef7a4e0c,1
60,8a858f375b493337015b56c4ef7a4e0c,1
61,8a858e69566ae5b801568eb3041a121a,1
62,8a858e69566ae5b801568eb3041a121a,1
63,8a858e69566ae5b801568eb3041a121a,1
64,8a858e69566ae5b801568eb3041a121a,1
65,8a858e69566ae5b801568eb3041a121a,1
66,8a858e69566ae5b801568eb3041a121a,1
67,8a858e69566ae5b801568eb3041a121a,1
68,8a858ec95afc0922015b080cc25e41f8,1
69,8a858ec95afc0922015b080cc25e41f8,1
70,8a858ec95afc0922015b080cc25e41f8,1
71,8a858ec95afc0922015b080cc25e41f8,1
72,8a858e345bd96da8015be6289d010075,1
73,8a858e345bd96da8015be6289d010075,1
74,8a858f88578ad68901578bd0502a216a,1
75,8a858f88578ad68901578bd0502a216a,1
76,8a858f88578ad68901578bd0502a216a,1
77,8a858f88578ad68901578bd0502a216a,1
78,8a858f88578ad68901578bd0502a216a,1
79,8a858f88578ad68901578bd0502a216a,1
80,8a858f88578ad68901578bd0502a216a,1
81,8a858f88578ad68901578bd0502a216a,1
82,8a8589045384bd830153966de1b77ab3,1
83,8a8589045384bd830153966de1b77ab3,1
84,8a8589045384bd830153966de1b77ab3,1
85,8a8589045384bd830153966de1b77ab3,1
86,8a8589045384bd830153966de1b77ab3,1
87,8a8589045384bd830153966de1b77ab3,1
88,8a8589045384bd830153966de1b77ab3,1
89,8a8589045384bd830153966de1b77ab3,1
90,8a8589045384bd830153966de1b77ab3,1
91,8a8589045384bd830153966de1b77ab3,1
92,8a858e735b86c5e6015b86ca110b0353,1
93,8a858e735b86c5e6015b86ca110b0353,1
94,8a858e735b86c5e6015b86ca110b0353,1
95,8a858e655a047d1a015a17be58262943,1
96,8a858e655a047d1a015a17be58262943,1
97,8a858e655a047d1a015a17be58262943,1
98,8a858eac5ad81473015adb5e13740d62,1
99,8a858eac5ad81473015adb5e13740d62,1
100,8a858eac5ad81473015adb5e13740d62,1
101,8a858eac5ad81473015adb5e13740d62,1
102,8a858eac5ad81473015adb5e13740d62,1
103,8a858f3b5c1c5a08015c1c6897ac062b,1
104,8a858f3b5c1c5a08015c1c6897ac062b,1
105,8a85884e548fad6501549e6d40590168,1
106,8a85884e548fad6501549e6d40590168,1
107,8a85884e548fad6501549e6d40590168,1
108,8a85884e548fad6501549e6d40590168,1
109,8a85884e548fad6501549e6d40590168,1
110,8a85884e548fad6501549e6d40590168,1
111,8a85884e548fad6501549e6d40590168,1
112,8a85884e548fad6501549e6d40590168,1
113,8a85884e548fad6501549e6d40590168,1
114,8a85884e548fad6501549e6d40590168,1
115,8a85884e548fad6501549e6d40590168,1
116,8a85884e548fad6501549e6d40590168,1
117,8a858f2c58dc6e680158dd8af7761f24,1
118,8a858f2c58dc6e680158dd8af7761f24,1
119,8a858f2c58dc6e680158dd8af7761f24,1
120,8a858f2c58dc6e680158dd8af7761f24,1
121,8a858f2c58dc6e680158dd8af7761f24,1
122,8a858f2c58dc6e680158dd8af7761f24,1
123,8a858fe758dc437a0159018589dc5df0,1
124,8a858fe758dc437a0159018589dc5df0,1
125,8a858fe758dc437a0159018589dc5df0,1
126,8a858fe758dc437a0159018589dc5df0,1
127,8a858fe758dc437a0159018589dc5df0,1
128,8a858fe758dc437a0159018589dc5df0,1
129,8a858fe758dc437a0159018589dc5df0,1
130,8a858fe758dc437a0159018589dc5df0,1
131,8a858fe758dc437a0159018589dc5df0,1
132,8a85893d542e18bc0154379710d6562c,1
133,8a85893d542e18bc0154379710d6562c,1
134,8a85893d542e18bc0154379710d6562c,1
135,8a85893d542e18bc0154379710d6562c,1
136,8a85893d542e18bc0154379710d6562c,1
137,8a85893d542e18bc0154379710d6562c,1
138,8a85893d542e18bc0154379710d6562c,1
139,8a85893d542e18bc0154379710d6562c,1
140,8a85893d542e18bc0154379710d6562c,1
141,8a85893d542e18bc0154379710d6562c,1
142,8a85893d542e18bc0154379710d6562c,1
143,8a85893d542e18bc0154379710d6562c,1
144,8a858e475c127bce015c16667af86900,1
145,8a858e475c127bce015c16667af86900,1
146,8a858f0056b7cf8e0156b8918d424613,1
147,8a858f0056b7cf8e0156b8918d424613,1
148,8a858f0056b7cf8e0156b8918d424613,1
149,8a858f0056b7cf8e0156b8918d424613,1
150,8a858f0056b7cf8e0156b8918d424613,1
151,8a858f0056b7cf8e0156b8918d424613,1
152,8a858f0056b7cf8e0156b8918d424613,1
153,8a858f0056b7cf8e0156b8918d424613,1
154,8a858f0056b7cf8e0156b8918d424613,1
155,8a858f0056b7cf8e0156b8918d424613,1
156,8a858f0056b7cf8e0156b8918d424613,1
157,8a858f0056b7cf8e0156b8918d424613,1
158,8a858f0056b7cf8e0156b8918d424613,1
159,8a858f0056b7cf8e0156b8918d424613,1
160,8a858f0056b7cf8e0156b8918d424613,1
161,8a858f045556eaa4015568356b2d414c,1
162,8a858f045556eaa4015568356b2d414c,1
163,8a858f045556eaa4015568356b2d414c,1
164,8a858f045556eaa4015568356b2d414c,1
165,8a858f045556eaa4015568356b2d414c,1
166,8a858f045556eaa4015568356b2d414c,1
167,8a858f045556eaa4015568356b2d414c,1
168,8a858f045556eaa4015568356b2d414c,1
169,8a858f045556eaa4015568356b2d414c,1
170,8a858e8d5d41c5fd015d45762a6400db,1
171,8a858eb95b3ed48c015b3f2be5056fcd,1
172,8a858eb95b3ed48c015b3f2be5056fcd,1
173,8a858eb95b3ed48c015b3f2be5056fcd,1
174,8a858eb95b3ed48c015b3f2be5056fcd,1
175,8a858ff35c1ada43015c1ae99d830a0b,1
176,8a858f615591c2cc0155965e44ff3633,1
177,8a858f615591c2cc0155965e44ff3633,1
178,8a858f615591c2cc0155965e44ff3633,1
179,8a858f615591c2cc0155965e44ff3633,1
180,8a858f615591c2cc0155965e44ff3633,1
181,8a858f615591c2cc0155965e44ff3633,1
182,8a858f615591c2cc0155965e44ff3633,1
183,8a85893d53f104eb0154054115f12c61,1
184,8a85893d53f104eb0154054115f12c61,1
185,8a85893d53f104eb0154054115f12c61,1
186,8a85893d53f104eb0154054115f12c61,1
187,8a85893d53f104eb0154054115f12c61,1
188,8a85893d53f104eb0154054115f12c61,1
189,8a85893d53f104eb0154054115f12c61,1
190,8a8589c253ace09b0153af6ba58f1f31,1
191,8a8589c253ace09b0153af6ba58f1f31,1
192,8a8589c253ace09b0153af6ba58f1f31,1
193,8a8589c253ace09b0153af6ba58f1f31,1
194,8a8589c253ace09b0153af6ba58f1f31,1
195,8a858f8d5c82ba66015c8316bc8a3607,1
196,8a858e9f59d692440159da7307f4464e,1
197,8a858e9f59d692440159da7307f4464e,1
198,8a858e9f59d692440159da7307f4464e,1
199,8a858e9f59d692440159da7307f4464e,1
200,8a858e9f59d692440159da7307f4464e,1
201,8a858e9f59d692440159da7307f4464e,1
202,8a858e9f59d692440159da7307f4464e,1
203,8a858e17562dc2270156312c4a755edc,1
204,8a858e17562dc2270156312c4a755edc,1
205,8a858e17562dc2270156312c4a755edc,1
206,8a858e17562dc2270156312c4a755edc,1
207,8a858e17562dc2270156312c4a755edc,1
208,8a858e17562dc2270156312c4a755edc,1
209,8a858e17562dc2270156312c4a755edc,1
210,8a858e17562dc2270156312c4a755edc,1
211,8a858e17562dc2270156312c4a755edc,1
212,8a858e17562dc2270156312c4a755edc,1
213,8a858e17562dc2270156312c4a755edc,1
214,8a858e17562dc2270156312c4a755edc,1
215,8a858e17562dc2270156312c4a755edc,1
216,8a858e17562dc2270156312c4a755edc,1
217,8a858e17562dc2270156312c4a755edc,1
218,8a858fe35cd0edad015cd3df1c295c30,1
219,8a858f25584470aa01584da2a1db5663,1
220,8a858f25584470aa01584da2a1db5663,1
221,8a858f25584470aa01584da2a1db5663,1
222,8a858f25584470aa01584da2a1db5663,1
223,8a858f25584470aa01584da2a1db5663,1
224,8a858f25584470aa01584da2a1db5663,1
225,8a858fd85b685607015b6cf937f232be,1
226,8a858fd85b685607015b6cf937f232be,1
227,8a858fd85b685607015b6cf937f232be,1
228,8a858e435bedeb4f015beefb8a294d30,1
229,8a858e435bedeb4f015beefb8a294d30,1
230,8a858fa25bd92c20015be50d818f1890,1
231,8a858ee758b4c54a0158b7b47c784cda,1
232,8a858ee758b4c54a0158b7b47c784cda,1
233,8a858ee758b4c54a0158b7b47c784cda,1
234,8a858ee758b4c54a0158b7b47c784cda,1
235,8a858ee758b4c54a0158b7b47c784cda,1
236,8a858ee758b4c54a0158b7b47c784cda,1
237,8a858ee758b4c54a0158b7b47c784cda,1
238,8a858ee758b4c54a0158b7b47c784cda,1
239,8a858ee758b4c54a0158b7b47c784cda,1
240,8a858ee758b4c54a0158b7b47c784cda,1
241,8a858f305c8dd672015c9b6de9735c21,1
242,8a858f225b3dc49e015b3de052f52204,1
243,8a858f225b3dc49e015b3de052f52204,1
244,8a858f225b3dc49e015b3de052f52204,1
245,8a858fc959bb192f0159bb26fbe70c82,1
246,8a858fc959bb192f0159bb26fbe70c82,1
247,8a858fc959bb192f0159bb26fbe70c82,1
248,8a858e9156e137c601570163db4358c9,1
249,8a858e9156e137c601570163db4358c9,1
250,8a858e9156e137c601570163db4358c9,1
251,8a858e0256b781d80156c19fddb831ee,1
252,8a858e0256b781d80156c19fddb831ee,1
253,8a858e0256b781d80156c19fddb831ee,1
254,8a858e0256b781d80156c19fddb831ee,1
255,8a858e0256b781d80156c19fddb831ee,1
256,8a858e0256b781d80156c19fddb831ee,1
257,8a858f6b570f2de901572981cca506b5,1
258,8a858f6b570f2de901572981cca506b5,1
259,8a858f6b570f2de901572981cca506b5,1
260,8a858f6b570f2de901572981cca506b5,1
261,8a858f6b570f2de901572981cca506b5,1
262,8a858f6b570f2de901572981cca506b5,1
263,8a858fa55776f0470157799aa4b33da8,1
264,8a858fa55776f0470157799aa4b33da8,1
265,8a858fa55776f0470157799aa4b33da8,1
266,8a858f5b5bee1b11015bf1b4ffea5abb,1
267,8a858f5b5bee1b11015bf1b4ffea5abb,1
268,8a858fbc5cc666c8015cc96695e50338,1
269,8a858ffd5caca417015cacdb354a2364,1
270,8a858fb4563228d201563d09846204bd,1
271,8a858fb4563228d201563d09846204bd,1
272,8a858ebd5b254c8b015b2f8ebbc96477,1
273,8a858ebd5b254c8b015b2f8ebbc96477,1
274,8a858ebd5b254c8b015b2f8ebbc96477,1
275,8a858ebd5b254c8b015b2f8ebbc96477,1
276,8a858ebd5b254c8b015b2f8ebbc96477,1
277,8a858e705b3a03c7015b3c16c087774f,1
278,8a858ea8580b1fee015814d9ce7f41ec,1
279,8a858ea8580b1fee015814d9ce7f41ec,1
280,8a858ea8580b1fee015814d9ce7f41ec,1
281,8a858ea8580b1fee015814d9ce7f41ec,1
282,8a858ea8580b1fee015814d9ce7f41ec,1
283,8a858ea8580b1fee015814d9ce7f41ec,1
284,8a858ea8580b1fee015814d9ce7f41ec,1
285,8a858ea8580b1fee015814d9ce7f41ec,1
286,8a858ea8580b1fee015814d9ce7f41ec,1
287,8a858f905c06a9c0015c06db624d043e,1
288,8a858f08582a51bc01582a7123560822,1
289,8a858f08582a51bc01582a7123560822,1
290,8a858f08582a51bc01582a7123560822,1
291,8a858f08582a51bc01582a7123560822,1
292,8a858f08582a51bc01582a7123560822,1
293,8a858f08582a51bc01582a7123560822,1
294,8a858f08582a51bc01582a7123560822,1
295,8a858f08582a51bc01582a7123560822,1
296,8a858f08582a51bc01582a7123560822,1
297,8a858f08582a51bc01582a7123560822,1
298,8a858f08582a51bc01582a7123560822,1
299,8a858f08582a51bc01582a7123560822,1
300,8a858f08582a51bc01582a7123560822,1
301,8a858f08582a51bc01582a7123560822,1
302,8a858e515b38f839015b39083e321384,1
303,8a858e515b38f839015b39083e321384,1
304,8a858e515b38f839015b39083e321384,1
305,8a858e515b38f839015b39083e321384,1
306,8a858f465668e3d601568dd071503445,1
307,8a858f465668e3d601568dd071503445,1
308,8a858f465668e3d601568dd071503445,1
309,8a858f465668e3d601568dd071503445,1
310,8a858f465668e3d601568dd071503445,1
311,8a858f465668e3d601568dd071503445,1
312,8a858f465668e3d601568dd071503445,1
313,8a858f465668e3d601568dd071503445,1
314,8a858f465668e3d601568dd071503445,1
315,8a858f465668e3d601568dd071503445,1
316,8a858f465668e3d601568dd071503445,1
317,8a858f0a5bf2ed17015bf34ffdf132c9,1
318,8a858f0a5bf2ed17015bf34ffdf132c9,1
319,8a858f0a5bf2ed17015bf34ffdf132c9,1
320,8a85891e53ad0e6b0153af3918bb1d28,1
321,8a85891e53ad0e6b0153af3918bb1d28,1
322,8a85891e53ad0e6b0153af3918bb1d28,1
323,8a85891e53ad0e6b0153af3918bb1d28,1
324,8a85891e53ad0e6b0153af3918bb1d28,1
325,8a85891e53ad0e6b0153af3918bb1d28,1
326,8a85891e53ad0e6b0153af3918bb1d28,1
327,8a85891e53ad0e6b0153af3918bb1d28,1
328,8a85891e53ad0e6b0153af3918bb1d28,1
329,8a85891e53ad0e6b0153af3918bb1d28,1
330,8a85891e53ad0e6b0153af3918bb1d28,1
331,8a858fb959b6dfec0159b700765e15e7,1
332,8a858fb959b6dfec0159b700765e15e7,1
333,8a858fb959b6dfec0159b700765e15e7,1
334,8a858fb959b6dfec0159b700765e15e7,1
335,8a858fb959b6dfec0159b700765e15e7,1
336,8a858fb959b6dfec0159b700765e15e7,1
337,8a858fb959b6dfec0159b700765e15e7,1
338,8a858fb959b6dfec0159b700765e15e7,1
339,8a858f665c2142a0015c2cf209e20a6f,1
340,8a858e135cb22031015cc0a1aa8e3406,1
341,8a858fb95bd896cc015bd8a775a70c54,1
342,8a858fb95bd896cc015bd8a775a70c54,1
343,8a858fcd5cc5594e015cc57021210c21,1
344,8a858e445add19b4015ae905c37c7b00,1
345,8a858e445add19b4015ae905c37c7b00,1
346,8a858e445add19b4015ae905c37c7b00,1
347,8a858e445add19b4015ae905c37c7b00,1
348,8a858f5e5566567d015577a80b01201e,1
349,8a858f5e5566567d015577a80b01201e,1
350,8a858f5e5566567d015577a80b01201e,1
351,8a858f5e5566567d015577a80b01201e,1
352,8a858f5e5566567d015577a80b01201e,1
353,8a858f5e5566567d015577a80b01201e,1
354,8a858f5e5566567d015577a80b01201e,1
355,8a858f5e5566567d015577a80b01201e,1
356,8a858e735c5a4bed015c5b4894e42483,1
357,8a858f005b396e23015b397635140a37,1
358,8a858f2756cec0a30156e76c4e6f6163,1
359,8a858f2756cec0a30156e76c4e6f6163,1
360,8a858f2756cec0a30156e76c4e6f6163,1
361,8a858f2756cec0a30156e76c4e6f6163,1
362,8a858f2756cec0a30156e76c4e6f6163,1
363,8a858f2756cec0a30156e76c4e6f6163,1
364,8a858f2756cec0a30156e76c4e6f6163,1
365,8a858f2756cec0a30156e76c4e6f6163,1
366,8a858f2756cec0a30156e76c4e6f6163,1
367,8a858f2756cec0a30156e76c4e6f6163,1
368,8a858f2756cec0a30156e76c4e6f6163,1
369,8a858f2756cec0a30156e76c4e6f6163,1
370,8a858f2756cec0a30156e76c4e6f6163,1
371,8a858e495d1e235c015d2cab67f045eb,1
372,8a858e935cedfe55015cee23feae1e84,1
373,8a858f555cacacdf015cafcc2c1c7105,1
374,8a858faf56b7821c0156cbb2b12c07a8,1
375,8a858faf56b7821c0156cbb2b12c07a8,1
376,8a858faf56b7821c0156cbb2b12c07a8,1
377,8a858faf56b7821c0156cbb2b12c07a8,1
378,8a858faf56b7821c0156cbb2b12c07a8,1
379,8a858faf56b7821c0156cbb2b12c07a8,1
380,8a858faf56b7821c0156cbb2b12c07a8,1
381,8a858faf56b7821c0156cbb2b12c07a8,1
382,8a858faf56b7821c0156cbb2b12c07a8,1
383,8a858faf56b7821c0156cbb2b12c07a8,1
384,8a858e1a59cbf7460159cfa0e079219d,1
385,8a858e1a59cbf7460159cfa0e079219d,1
386,8a858e1a59cbf7460159cfa0e079219d,1
387,8a858e1a59cbf7460159cfa0e079219d,1
388,8a858f935b8753e6015b8a360b650064,1
389,8a858f935b8753e6015b8a360b650064,1
390,8a858f105a4ed440015a51ffebd57187,1
391,8a8589f35451855401545c6aab952f7d,1
392,8a8589f35451855401545c6aab952f7d,1
393,8a8589f35451855401545c6aab952f7d,1
394,8a8589f35451855401545c6aab952f7d,1
395,8a858eab5cf9c4c8015d030ef0336efa,1
396,8a858fa158f8ee8f0158ff1bb2b747e1,1
397,8a858fa158f8ee8f0158ff1bb2b747e1,1
398,8a858fa158f8ee8f0158ff1bb2b747e1,1
399,8a858fa158f8ee8f0158ff1bb2b747e1,1
400,8a858fa158f8ee8f0158ff1bb2b747e1,1
401,8a858fa158f8ee8f0158ff1bb2b747e1,1
402,8a85883353e2e4e40153eca57a9855c6,1
403,8a85883353e2e4e40153eca57a9855c6,1
404,8a85883353e2e4e40153eca57a9855c6,1
405,8a85883353e2e4e40153eca57a9855c6,1
406,8a85883353e2e4e40153eca57a9855c6,1
407,8a85883353e2e4e40153eca57a9855c6,1
408,8a85883353e2e4e40153eca57a9855c6,1
409,8a85883353e2e4e40153eca57a9855c6,1
410,8a85883353e2e4e40153eca57a9855c6,1
411,8a85883353e2e4e40153eca57a9855c6,1
412,8a85883353e2e4e40153eca57a9855c6,1
413,8a85883353e2e4e40153eca57a9855c6,1
414,8a858f6c570f2d6601570f4637b10cbc,1
415,8a858f6c570f2d6601570f4637b10cbc,1
416,8a858f6c570f2d6601570f4637b10cbc,1
417,8a858f6c570f2d6601570f4637b10cbc,1
418,8a858f6c570f2d6601570f4637b10cbc,1
419,8a858f6c570f2d6601570f4637b10cbc,1
420,8a85897353d85af80153e0106e264de4,1
421,8a85897353d85af80153e0106e264de4,1
422,8a85897353d85af80153e0106e264de4,1
423,8a85897353d85af80153e0106e264de4,1
424,8a85897353d85af80153e0106e264de4,1
425,8a858e0f58afbace0158c909b63e176b,1
426,8a858e0f58afbace0158c909b63e176b,1
427,8a858e0f58afbace0158c909b63e176b,1
428,8a858e0f58afbace0158c909b63e176b,1
429,8a858e0f58afbace0158c909b63e176b,1
430,8a858e0f58afbace0158c909b63e176b,1
431,8a858e0f58afbace0158c909b63e176b,1
432,8a858e0f58afbace0158c909b63e176b,1
433,8a858e0f58afbace0158c909b63e176b,1
434,8a858e0f58afbace0158c909b63e176b,1
435,8a858e0f58afbace0158c909b63e176b,1
436,8a858e0156b782a10156bcdeedd505a3,1
437,8a858e0156b782a10156bcdeedd505a3,1
438,8a858e0156b782a10156bcdeedd505a3,1
439,8a858e0156b782a10156bcdeedd505a3,1
440,8a858e0156b782a10156bcdeedd505a3,1
441,8a858e0156b782a10156bcdeedd505a3,1
442,8a858e0156b782a10156bcdeedd505a3,1
443,8a858e0156b782a10156bcdeedd505a3,1
444,8a858e0156b782a10156bcdeedd505a3,1
445,8a858e0156b782a10156bcdeedd505a3,1
446,8a858e0156b782a10156bcdeedd505a3,1
447,8a858e0156b782a10156bcdeedd505a3,1
448,8a858e0156b782a10156bcdeedd505a3,1
449,8a858e0156b782a10156bcdeedd505a3,1
450,8a858efd5b39cf3d015b3cb3b3882cc7,1
451,8a858efd5b39cf3d015b3cb3b3882cc7,1
452,8a858efd5b39cf3d015b3cb3b3882cc7,1
453,8a858efd5b39cf3d015b3cb3b3882cc7,1
454,8a858efd5b39cf3d015b3cb3b3882cc7,1
455,8a858efd5b39cf3d015b3cb3b3882cc7,1
456,8a858e035693e029015696c50f545a8b,1
457,8a858e035693e029015696c50f545a8b,1
458,8a858e035693e029015696c50f545a8b,1
459,8a858e035693e029015696c50f545a8b,1
460,8a858e035693e029015696c50f545a8b,1
461,8a858e035693e029015696c50f545a8b,1
462,8a858e035693e029015696c50f545a8b,1
463,8a8589b953bc23f70153bcb44fc40b19,1
464,8a8589b953bc23f70153bcb44fc40b19,1
465,8a8589b953bc23f70153bcb44fc40b19,1
466,8a8589b953bc23f70153bcb44fc40b19,1
467,8a8589b953bc23f70153bcb44fc40b19,1
468,8a8589b953bc23f70153bcb44fc40b19,1
469,8a8589b953bc23f70153bcb44fc40b19,1
470,8a858fbc594a495c01595fadf4a023e6,1
471,8a858fbc594a495c01595fadf4a023e6,1
472,8a858fbc594a495c01595fadf4a023e6,1
473,8a858fbc594a495c01595fadf4a023e6,1
474,8a858fbc594a495c01595fadf4a023e6,1
475,8a858fbc594a495c01595fadf4a023e6,1
476,8a858f625c5a3697015c5ac8f5e332b1,1
477,8a8588d653a915270153ab10232e304f,1
478,8a8588d653a915270153ab10232e304f,1
479,8a8588d653a915270153ab10232e304f,1
480,8a8588d653a915270153ab10232e304f,1
481,8a8588d653a915270153ab10232e304f,1
482,8a8588d653a915270153ab10232e304f,1
483,8a8588d653a915270153ab10232e304f,1
484,8a8588d653a915270153ab10232e304f,1
485,8a8588d653a915270153ab10232e304f,1
486,8a8588d653a915270153ab10232e304f,1
487,8a8588d653a915270153ab10232e304f,1
488,8a8588d653a915270153ab10232e304f,1
489,8a8588d653a915270153ab10232e304f,1
490,8a8588d653a915270153ab10232e304f,1
491,8a8588d653a915270153ab10232e304f,1
492,8a8588d653a915270153ab10232e304f,1
493,8a8588d653a915270153ab10232e304f,1
494,8a8588d653a915270153ab10232e304f,1
495,8a858f5b5bee1b11015bf1f46fee071a,1
496,8a858f5b5bee1b11015bf1f46fee071a,1
497,8a858ec9590ad35d01592b20868f2736,1
498,8a858e7d5b591490015b59618de419b4,1
499,8a858e7d5b591490015b59618de419b4,1
500,8a858e7d5b591490015b59618de419b4,1
501,8a858f0a5bf3716c015bf60d479e6efd,1
502,8a858f0a5bf3716c015bf60d479e6efd,1
503,8a858ff05d128e7c015d12a0962e0c8d,1
504,8a858fcb5c11f481015c16739d933978,1
505,8a858f3a58a6d6720158aa1561f233c0,1
506,8a858f3a58a6d6720158aa1561f233c0,1
507,8a858f3a58a6d6720158aa1561f233c0,1
508,8a858f3a58a6d6720158aa1561f233c0,1
509,8a858f3a58a6d6720158aa1561f233c0,1
510,8a858f435ad25c25015ad29e0ad52b72,1
511,8a858f435ad25c25015ad29e0ad52b72,1
512,8a858f435ad25c25015ad29e0ad52b72,1
513,8a858f435ad25c25015ad29e0ad52b72,1
514,8a858f435ad25c25015ad29e0ad52b72,1
515,8a858eba5c884d2a015c9795b92e7801,1
516,8a858eba5c884d2a015c9795b92e7801,1
517,8a858ed55c63db54015c6e0859c72f24,1
518,8a858fe8555f401f015572a171e745ed,1
519,8a858fe8555f401f015572a171e745ed,1
520,8a858fe8555f401f015572a171e745ed,1
521,8a858fe8555f401f015572a171e745ed,1
522,8a858fe8555f401f015572a171e745ed,1
523,8a858fe8555f401f015572a171e745ed,1
524,8a858fe8555f401f015572a171e745ed,1
525,8a858fe8555f401f015572a171e745ed,1
526,8a858fe8555f401f015572a171e745ed,1
527,8a858fe8555f401f015572a171e745ed,1
528,8a858fe8555f401f015572a171e745ed,1
529,8a858fe8555f401f015572a171e745ed,1
530,8a858fe8555f401f015572a171e745ed,1
531,8a858fe8555f401f015572a171e745ed,1
532,8a858fe5569398920156986fc0337f88,1
533,8a858fe5569398920156986fc0337f88,1
534,8a858ff35c63d750015c6939de7f2388,1
535,8a858f6e5b1a4fd0015b1a555f54042b,1
536,8a858f6e5b1a4fd0015b1a555f54042b,1
537,8a858f6e5b1a4fd0015b1a555f54042b,1
538,8a858f6e5b1a4fd0015b1a555f54042b,1
539,8a858f6e5b1a4fd0015b1a555f54042b,1
540,8a8589b0541e21e401541ec02e000ec4,1
541,8a8589b0541e21e401541ec02e000ec4,1
542,8a858e3e5922ba4301593bdd879f6f02,1
543,8a858e3e5922ba4301593bdd879f6f02,1
544,8a858e3e5922ba4301593bdd879f6f02,1
545,8a858e3e5922ba4301593bdd879f6f02,1
546,8a858f165c1c22df015c20a6b4162cc3,1
547,8a858f165c1c22df015c20a6b4162cc3,1
548,8a858fc55a85c4fc015a88ddb3041731,1
549,8a858fc55a85c4fc015a88ddb3041731,1
550,8a858fc55a85c4fc015a88ddb3041731,1
551,8a858fc55a85c4fc015a88ddb3041731,1
552,8a858fc55a85c4fc015a88ddb3041731,1
553,8a85881053bc33670153c7a0e6ee582e,1
554,8a85881053bc33670153c7a0e6ee582e,1
555,8a85881053bc33670153c7a0e6ee582e,1
556,8a85881053bc33670153c7a0e6ee582e,1
557,8a85881053bc33670153c7a0e6ee582e,1
558,8a85881053bc33670153c7a0e6ee582e,1
559,8a85881053bc33670153c7a0e6ee582e,1
560,8a85881053bc33670153c7a0e6ee582e,1
561,8a85881053bc33670153c7a0e6ee582e,1
562,8a85881053bc33670153c7a0e6ee582e,1
563,8a85881053bc33670153c7a0e6ee582e,1
564,8a858ee05a6b7d75015a6f9509d049af,1
565,8a858ee05a6b7d75015a6f9509d049af,1
566,8a858e8d56b784480156c5f1019357de,1
567,8a858e8d56b784480156c5f1019357de,1
568,8a858e8d56b784480156c5f1019357de,1
569,8a858e8d56b784480156c5f1019357de,1
570,8a858e8d56b784480156c5f1019357de,1
571,8a858e8d56b784480156c5f1019357de,1
572,8a858e8d56b784480156c5f1019357de,1
573,8a858e8d56b784480156c5f1019357de,1
574,8a858e8d56b784480156c5f1019357de,1
575,8a858e685c217d36015c27c78514225b,1
576,8a858e685c217d36015c27c78514225b,1
577,8a858e685c217d36015c27c78514225b,1
578,8a858e045b495c30015b5317021320fa,1
579,8a858e045b495c30015b5317021320fa,1
580,8a858e045b495c30015b5317021320fa,1
581,8a858e045b495c30015b5317021320fa,1
582,8a858e045b495c30015b5317021320fa,1
583,8a858ed25bf83782015bfb7756f4006e,1
584,8a858ed25bf83782015bfb7756f4006e,1
585,8a858e3c58537338015864369edf2b32,1
586,8a858e3c58537338015864369edf2b32,1
587,8a858e3c58537338015864369edf2b32,1
588,8a858e3c58537338015864369edf2b32,1
589,8a858fcc5cf4a563015cf569a33249a9,1
590,8a858e045cd5b1d6015ce312a2775743,1
591,8a858f875cedcb03015cedea256e1bd5,1
592,8a858fc15b68ba6a015b7364beb20e51,1
593,8a858fc15b68ba6a015b7364beb20e51,1
594,8a858e165cf9d8e3015cfffb0c61459f,1
595,8a858f725b49c0c0015b520763bc7ee4,1
596,8a858f725b49c0c0015b520763bc7ee4,1
597,8a858f725b49c0c0015b520763bc7ee4,1
598,8a858f725b49c0c0015b520763bc7ee4,1
599,8a8588fd53f1099e0154046cf0b95f16,1
600,8a8588fd53f1099e0154046cf0b95f16,1
601,8a8588fd53f1099e0154046cf0b95f16,1
602,8a8588fd53f1099e0154046cf0b95f16,1
603,8a8588fd53f1099e0154046cf0b95f16,1
604,8a8588fd53f1099e0154046cf0b95f16,1
605,8a8588fd53f1099e0154046cf0b95f16,1
606,8a858f295c8d307f015c9d627df260c1,1
607,8a858fa05c82907b015c82bc5d911e17,1
608,8a858e9156e137c60156e5e9f9d85b38,1
609,8a858e9156e137c60156e5e9f9d85b38,1
610,8a858e9156e137c60156e5e9f9d85b38,1
611,8a858e9156e137c60156e5e9f9d85b38,1
612,8a858e9156e137c60156e5e9f9d85b38,1
613,8a858e9156e137c60156e5e9f9d85b38,1
614,8a858e9156e137c60156e5e9f9d85b38,1
615,8a858e9156e137c60156e5e9f9d85b38,1
616,8a858e9156e137c60156e5e9f9d85b38,1
617,8a858e9156e137c60156e5e9f9d85b38,1
618,8a858fab5cd5e1a7015cde28b9f37db3,1
619,8a858fcf5b39c3ba015b3d6d077c4383,1
620,8a858fcf5b39c3ba015b3d6d077c4383,1
621,8a858fcf5b39c3ba015b3d6d077c4383,1
622,8a858f625c5a3697015c5e1307347932,1
623,8a858f625c5a3697015c5e1307347932,1
624,8a858e1d5c5a460c015c5e52353154e3,1
625,8a858e1d5c5a460c015c5e52353154e3,1
626,8a858ee45b39aa80015b3d8b581e6281,1
627,8a858ee45b39aa80015b3d8b581e6281,1
628,8a858ee45b39aa80015b3d8b581e6281,1
629,8a858ee9587f44aa01588138339b0769,1
630,8a858ee9587f44aa01588138339b0769,1
631,8a858ee9587f44aa01588138339b0769,1
632,8a858ee9587f44aa01588138339b0769,1
633,8a858ee9587f44aa01588138339b0769,1
634,8a858ff8582fcb8601583ef69ee437b2,1
635,8a858ff8582fcb8601583ef69ee437b2,1
636,8a858ff8582fcb8601583ef69ee437b2,1
637,8a858ff8582fcb8601583ef69ee437b2,1
638,8a858ff8582fcb8601583ef69ee437b2,1
639,8a858ff8582fcb8601583ef69ee437b2,1
640,8a858ff8582fcb8601583ef69ee437b2,1
641,8a858ff8582fcb8601583ef69ee437b2,1
642,8a858ff8582fcb8601583ef69ee437b2,1
643,8a858f755af1caee015af206036c172c,1
644,8a858f755af1caee015af206036c172c,1
645,8a858f755af1caee015af206036c172c,1
646,8a858f755af1caee015af206036c172c,1
647,8a858f755af1caee015af206036c172c,1
648,8a858f755af1caee015af206036c172c,1
649,8a858f595ccb6f86015cce7333856062,1
650,8a858e005c2154c2015c25ecd0760ca2,1
651,8a858e005c2154c2015c25ecd0760ca2,1
652,8a858f565b683b56015b68bf1d44335d,1
653,8a858f565b683b56015b68bf1d44335d,1
654,8a858fe756939bbb0156b1159291111a,1
655,8a858fe756939bbb0156b1159291111a,1
656,8a858fe756939bbb0156b1159291111a,1
657,8a858fe756939bbb0156b1159291111a,1
658,8a858fe756939bbb0156b1159291111a,1
659,8a858fe756939bbb0156b1159291111a,1
660,8a858fe756939bbb0156b1159291111a,1
661,8a858f685b5dadef015b5daef51a007e,1
662,8a858f685b5dadef015b5daef51a007e,1
663,8a858f685b5dadef015b5daef51a007e,1
664,8a858f60560bc43d01561c8fb7ea6af5,1
665,8a858f60560bc43d01561c8fb7ea6af5,1
666,8a858f60560bc43d01561c8fb7ea6af5,1
667,8a858f60560bc43d01561c8fb7ea6af5,1
668,8a858f60560bc43d01561c8fb7ea6af5,1
669,8a858f60560bc43d01561c8fb7ea6af5,1
670,8a858f60560bc43d01561c8fb7ea6af5,1
671,8a858f60560bc43d01561c8fb7ea6af5,1
672,8a858f60560bc43d01561c8fb7ea6af5,1
673,8a858e105bd92644015bda5890b251e6,1
674,8a858e105bd92644015bda5890b251e6,1
675,8a858ef45be99ccb015bebccaa063f88,1
676,8a858ef45be99ccb015bebccaa063f88,1
677,8a858ef45be99ccb015bebccaa063f88,1
678,8a858fab5b9105dc015b9e2f0f40784b,1
679,8a858fab5b9105dc015b9e2f0f40784b,1
680,8a858fab5b9105dc015b9e2f0f40784b,1
681,8a858f465668e3d6015674d9567a2c56,1
682,8a858f465668e3d6015674d9567a2c56,1
683,8a858f465668e3d6015674d9567a2c56,1
684,8a858f465668e3d6015674d9567a2c56,1
685,8a858f465668e3d6015674d9567a2c56,1
686,8a858f465668e3d6015674d9567a2c56,1
687,8aab10f748cf78ff0148d11fac1447a6,1
688,8a858f085cf4e173015cf7d609e2007a,1
689,8a858e705cb15527015cbfa1139f5368,1
690,8a8589b953bc23f70153c60c56b21c00,1
691,8a8589b953bc23f70153c60c56b21c00,1
692,8a8589b953bc23f70153c60c56b21c00,1
693,8a8589b953bc23f70153c60c56b21c00,1
694,8a8589b953bc23f70153c60c56b21c00,1
695,8a8589b953bc23f70153c60c56b21c00,1
696,8a8589b953bc23f70153c60c56b21c00,1
697,8a8589b953bc23f70153c60c56b21c00,1
698,8a858e725c360240015c3710db1f3e44,1
699,8a858e79568ec7de0156931b1c6d3ab0,1
700,8a858e79568ec7de0156931b1c6d3ab0,1
701,8a858e79568ec7de0156931b1c6d3ab0,1
702,8a858e79568ec7de0156931b1c6d3ab0,1
703,8a858ffd5b391849015b392ab12c145c,1
704,8a858ffd5b391849015b392ab12c145c,1
705,8a858ffa55ca72a50155d49947914143,1
706,8a858ffa55ca72a50155d49947914143,1
707,8a858ffa55ca72a50155d49947914143,1
708,8a858ffa55ca72a50155d49947914143,1
709,8a858ffa55ca72a50155d49947914143,1
710,8a85888c54be35040154c75baed346d0,1
711,8a85888c54be35040154c75baed346d0,1
712,8a85888c54be35040154c75baed346d0,1
713,8a85888c54be35040154c75baed346d0,1
714,8a85888c54be35040154c75baed346d0,1
715,8a85888c54be35040154c75baed346d0,1
716,8a85888c54be35040154c75baed346d0,1
717,8a85888c54be35040154c75baed346d0,1
718,8a85888c54be35040154c75baed346d0,1
719,8a85888c54be35040154c75baed346d0,1
720,8a85888c54be35040154c75baed346d0,1
721,8a858ee0564adc5001565b13d2465aea,1
722,8a858ee0564adc5001565b13d2465aea,1
723,8a858e255557edfe015573404b8a167f,1
724,8a858e255557edfe015573404b8a167f,1
725,8a858e255557edfe015573404b8a167f,1
726,8a858e345bd96da8015be74e2d845157,1
727,8a858e3e5922ba430159604e0bc87433,1
728,8a858e3e5922ba430159604e0bc87433,1
729,8a858e3e5922ba430159604e0bc87433,1
730,8a858e3e5922ba430159604e0bc87433,1
731,8a858e3e5922ba430159604e0bc87433,1
732,8a858e3e5922ba430159604e0bc87433,1
733,8a858fba570ca86401570e9e31230e2e,1
734,8a858fba570ca86401570e9e31230e2e,1
735,8a858fba570ca86401570e9e31230e2e,1
736,8a858fba570ca86401570e9e31230e2e,1
737,8a858fba570ca86401570e9e31230e2e,1
738,8a858fba570ca86401570e9e31230e2e,1
739,8a858fba570ca86401570e9e31230e2e,1
740,8a858fc65c7e0e55015c7f8126b8672a,1
741,8a858e4b5a94ae68015aa2b2bc5941b4,1
742,8a858e4b5a94ae68015aa2b2bc5941b4,1
743,8a858e4b5a94ae68015aa2b2bc5941b4,1
744,8a858e4b5a94ae68015aa2b2bc5941b4,1
745,8a858e4b5a94ae68015aa2b2bc5941b4,1
746,8a858faf5679a838015679c459720d76,1
747,8a858faf5679a838015679c459720d76,1
748,8a858faf5679a838015679c459720d76,1
749,8a858faf5679a838015679c459720d76,1
750,8a858faf5679a838015679c459720d76,1
751,8a858faf5679a838015679c459720d76,1
752,8a858faf5679a838015679c459720d76,1
753,8a858faf5679a838015679c459720d76,1
754,8a858faf5679a838015679c459720d76,1
755,8a858f115cea8545015cee54a7486425,1
756,8a8589045384bd8301538f539eb13617,1
757,8a8589045384bd8301538f539eb13617,1
758,8a8589045384bd8301538f539eb13617,1
759,8a8589045384bd8301538f539eb13617,1
760,8a8589045384bd8301538f539eb13617,1
761,8a8589045384bd8301538f539eb13617,1
762,8a8589045384bd8301538f539eb13617,1
763,8a8589045384bd8301538f539eb13617,1
764,8a8589045384bd8301538f539eb13617,1
765,8a8589045384bd8301538f539eb13617,1
766,8a8589045384bd8301538f539eb13617,1
767,8a8589045384bd8301538f539eb13617,1
768,8a858ee55cb156e6015cc16bd9852bb8,1
769,8a858f265c2187bd015c298ca7e642cc,1
770,8a858f265c2187bd015c298ca7e642cc,1
771,8a858f265c2187bd015c298ca7e642cc,1
772,8a858f735aec46c4015aece4cfa14726,1
773,8a858f735aec46c4015aece4cfa14726,1
774,8a858f735aec46c4015aece4cfa14726,1
775,8a858ec95afc0922015aff4399e77a12,1
776,8a858ec95afc0922015aff4399e77a12,1
777,8a858ec95afc0922015aff4399e77a12,1
778,8a858ec95afc0922015aff4399e77a12,1
779,8a858ec95afc0922015aff4399e77a12,1
780,8a858f9d5a4ceb8f015a4d4dd6f0284e,1
781,8a858f9d5a4ceb8f015a4d4dd6f0284e,1
782,8a858f9d5a4ceb8f015a4d4dd6f0284e,1
783,8a858f9d5a4ceb8f015a4d4dd6f0284e,1
784,8a85891e53ad0e6b0153bde2fece1bef,1
785,8a85891e53ad0e6b0153bde2fece1bef,1
786,8a85891e53ad0e6b0153bde2fece1bef,1
787,8a858e965b5e1b91015b60d410a170e9,1
788,8a858fd25a1dc72f015a1dcba1230448,1
789,8a858fd25a1dc72f015a1dcba1230448,1
790,8a858fd25a1dc72f015a1dcba1230448,1
791,8a858fd25a1dc72f015a1dcba1230448,1
792,8a858fd25a1dc72f015a1dcba1230448,1
793,8a858fd25a1dc72f015a1dcba1230448,1
794,8a858fd25a1dc72f015a1dcba1230448,1
795,8a858fd25a1dc72f015a1dcba1230448,1
796,8a858fd25a1dc72f015a1dcba1230448,1
797,8a858fd25a1dc72f015a1dcba1230448,1
798,8a858fd25a1dc72f015a1dcba1230448,1
799,8a858fd25a1dc72f015a1dcba1230448,1
800,8a858e4a5cac6f81015cae46ed034497,1
801,8a858e225a28c713015a30db5c48383d,1
802,8a858e225a28c713015a30db5c48383d,1
803,8a858e225a28c713015a30db5c48383d,1
804,8a858fe55656a93801565ad4976f225f,1
805,8a858fe55656a93801565ad4976f225f,1
806,8a858fe55656a93801565ad4976f225f,1
807,8a858fe55656a93801565ad4976f225f,1
808,8a858fe55656a93801565ad4976f225f,1
809,8a858fe55656a93801565ad4976f225f,1
810,8a858fe55656a93801565ad4976f225f,1
811,8a858fe55656a93801565ad4976f225f,1
812,8a858fe55656a93801565ad4976f225f,1
813,8a858fe55656a93801565ad4976f225f,1
814,8a858f385b866e4f015b86abb1173999,1
815,8a858f385b866e4f015b86abb1173999,1
816,8a858f385b866e4f015b86abb1173999,1
817,8a858f625b43c0a1015b43e9175e3c65,1
818,8a8589f853f100fb0153fae1900a7f58,1
819,8a8589f853f100fb0153fae1900a7f58,1
820,8a8589f853f100fb0153fae1900a7f58,1
821,8a8589f853f100fb0153fae1900a7f58,1
822,8a8589f853f100fb0153fae1900a7f58,1
823,8a8589f853f100fb0153fae1900a7f58,1
824,8a8589f853f100fb0153fae1900a7f58,1
825,8a8589f853f100fb0153fae1900a7f58,1
826,8a8589f853f100fb0153fae1900a7f58,1
827,8a858e235bd971a4015bd984429906d5,1
828,8a858e235bd971a4015bd984429906d5,1
829,8a858e235bd971a4015bd984429906d5,1
830,8a858e945bfdb9e7015c0cbdf40d05b6,1
831,8a858e945bfdb9e7015c0cbdf40d05b6,1
832,8a858e945bfdb9e7015c0cbdf40d05b6,1
833,8a858ff45be92ea2015be968b94e1872,1
834,8a858e1e5a1e6835015a22bbbeca0b24,1
835,8a858e1e5a1e6835015a22bbbeca0b24,1
836,8a858e1e5a1e6835015a22bbbeca0b24,1
837,8a858e1e5a1e6835015a22bbbeca0b24,1
838,8a858e1e5a1e6835015a22bbbeca0b24,1
839,8a858e1e5a1e6835015a22bbbeca0b24,1
840,8a858e1e5a1e6835015a22bbbeca0b24,1
841,8a858e1e5a1e6835015a22bbbeca0b24,1
842,8a858e3f5b5cecb6015b5d16a740279e,1
843,8a858f3c5c16cadb015c1a134d3c0c7a,1
844,8a858f3c5c16cadb015c1a134d3c0c7a,1
845,8a858f3c5c16cadb015c1a134d3c0c7a,1
846,8a858f1b5b9136f7015b9f4034a8207d,1
847,8a858f1b5b9136f7015b9f4034a8207d,1
848,8a858f1b5b9136f7015b9f4034a8207d,1
849,8a858f9c5a4817be015a486238ca1a96,1
850,8a858f9c5a4817be015a486238ca1a96,1
851,8a858f9c5a4817be015a486238ca1a96,1
852,8a858f9c5a4817be015a486238ca1a96,1
853,8a858f275c451af5015c50cf80457196,1
854,8a858f275c451af5015c50cf80457196,1
855,8a858f275c451af5015c50cf80457196,1
856,8a858e6b5d1885ce015d1894c8620d20,1
857,8a858e0d5aa8e240015aa8e8c383070d,1
858,8a858e0d5aa8e240015aa8e8c383070d,1
859,8a858e0d5aa8e240015aa8e8c383070d,1
860,8a858e495bf8527e015bf8a5de842da2,1
861,8a858fcc5ab942ce015ac02f026e2d48,1
862,8a858fcc5ab942ce015ac02f026e2d48,1
863,8a858fcc5ab942ce015ac02f026e2d48,1
864,8a858fcc5ab942ce015ac02f026e2d48,1
865,8a858fd35b441894015b4420f53b0fcb,1
866,8a858fe05cac0c84015cac4f5c9a28b2,1
867,8a858fe05cac0c84015cac4f5c9a28b2,1
868,8a858fd05bfd7d3c015c0239684a5349,1
869,8a858f265cfa1a64015cffd360cf3f7b,1
870,8a858f3159f585d30159f87d1a2877db,1
871,8a858f3159f585d30159f87d1a2877db,1
872,8a858f3159f585d30159f87d1a2877db,1
873,8a858f3159f585d30159f87d1a2877db,1
874,8a858f3159f585d30159f87d1a2877db,1
875,8a858f3159f585d30159f87d1a2877db,1
876,8a858f3159f585d30159f87d1a2877db,1
877,8a858f3159f585d30159f87d1a2877db,1
878,8a858f965bc8e421015bcc66b05e5967,1
879,8a858f965bc8e421015bcc66b05e5967,1
880,8a8589d7548fb3a801549a62a32e3d5a,1
881,8a8589d7548fb3a801549a62a32e3d5a,1
882,8a8589d7548fb3a801549a62a32e3d5a,1
883,8a8589d7548fb3a801549a62a32e3d5a,1
884,8a8589d7548fb3a801549a62a32e3d5a,1
885,8a8589d7548fb3a801549a62a32e3d5a,1
886,8a858970548359cc0154866750a97482,1
887,8a858970548359cc0154866750a97482,1
888,8a858970548359cc0154866750a97482,1
889,8a858970548359cc0154866750a97482,1
890,8a858970548359cc0154866750a97482,1
891,8a858970548359cc0154866750a97482,1
892,8a858970548359cc0154866750a97482,1
893,8a858970548359cc0154866750a97482,1
894,8a858970548359cc0154866750a97482,1
895,8a858970548359cc0154866750a97482,1
896,8a858970548359cc0154866750a97482,1
897,8a858970548359cc0154866750a97482,1
898,8a858f8e5c5f46fc015c633244a35e89,1
899,8a8589d754be350e0154bea33f411c02,1
900,8a8589d754be350e0154bea33f411c02,1
901,8a8589d754be350e0154bea33f411c02,1
902,8a858eee58727169015877060b15540c,1
903,8a858eee58727169015877060b15540c,1
904,8a858eee58727169015877060b15540c,1
905,8a858eee58727169015877060b15540c,1
906,8a858eee58727169015877060b15540c,1
907,8a858eee58727169015877060b15540c,1
908,8a858eee58727169015877060b15540c,1
909,8a858eee58727169015877060b15540c,1
910,8a858e0156b782a10156b81770b82e07,1
911,8a858e0156b782a10156b81770b82e07,1
912,8a858e0156b782a10156b81770b82e07,1
913,8a858e0156b782a10156b81770b82e07,1
914,8a858e0156b782a10156b81770b82e07,1
915,8a858e0156b782a10156b81770b82e07,1
916,8a858e0156b782a10156b81770b82e07,1
917,8a858e0156b782a10156b81770b82e07,1
918,8a858e0156b782a10156b81770b82e07,1
919,8a858e0156b782a10156b81770b82e07,1
920,8a858e0156b782a10156b81770b82e07,1
921,8a858e0156b782a10156b81770b82e07,1
922,8a858ff35c63d750015c63dbb45e027c,1
923,8a858970548359cc0154856f47c73b81,1
924,8a858970548359cc0154856f47c73b81,1
925,8a858970548359cc0154856f47c73b81,1
926,8a858970548359cc0154856f47c73b81,1
927,8a858970548359cc0154856f47c73b81,1
928,8a858970548359cc0154856f47c73b81,1
929,8a858970548359cc0154856f47c73b81,1
930,8a858970548359cc0154856f47c73b81,1
931,8a858970548359cc0154856f47c73b81,1
932,8a858970548359cc0154856f47c73b81,1
933,8a858970548359cc0154856f47c73b81,1
934,8a858970548359cc0154856f47c73b81,1
935,8a858f3355ae6a610155c583cc8e034d,1
936,8a858f3355ae6a610155c583cc8e034d,1
937,8a858f3355ae6a610155c583cc8e034d,1
938,8a858f3355ae6a610155c583cc8e034d,1
939,8a8588dd54be35520154c92031650de4,1
940,8a8588dd54be35520154c92031650de4,1
941,8a858fc45c21da6f015c3087c36d6234,1
942,8a858f2e5cd09481015cd3d378cd0b38,1
943,8a858f2c59cb2d550159cb54fa96143e,1
944,8a858f2c59cb2d550159cb54fa96143e,1
945,8a858f2c59cb2d550159cb54fa96143e,1
946,8a858f2c59cb2d550159cb54fa96143e,1
947,8a858f2c59cb2d550159cb54fa96143e,1
948,8a858f2c59cb2d550159cb54fa96143e,1
949,8a858eda552adcc201554a43790937ed,1
950,8a858eda552adcc201554a43790937ed,1
951,8a85892854be331a0154c4bf71841892,1
952,8a858f345ad253d6015ad260db8c0a81,1
953,8a858f295c8d307f015c9cee64412197,1
954,8a858f7057b918e40157bd8c8a8e6ec1,1
955,8a858ea55ac1546c015ac2b3547711f0,1
956,8a858ea55ac1546c015ac2b3547711f0,1
957,8a858ea55ac1546c015ac2b3547711f0,1
958,8a858ea55ac1546c015ac2b3547711f0,1
959,8a858f565b683b56015b7357f31e7569,1
960,8a858f565b683b56015b7357f31e7569,1
961,8a858f305c8dd672015c97a940a24715,1
962,8a858e625c8d993a015c9bf9278c32f7,1
963,8a858e625c8d993a015c9bf9278c32f7,1
964,8a858f005b396e23015b3977901b0c51,1
965,8a858f005b396e23015b3977901b0c51,1
966,8a858f005b396e23015b3977901b0c51,1
967,8a858e6458625423015864d7a62e6785,1
968,8a858e6458625423015864d7a62e6785,1
969,8a858e6458625423015864d7a62e6785,1
970,8a858e6458625423015864d7a62e6785,1
971,8a858e6458625423015864d7a62e6785,1
972,8a858e6458625423015864d7a62e6785,1
973,8a858e6458625423015864d7a62e6785,1
974,8a858e6458625423015864d7a62e6785,1
975,8a858f03582604ff01582a09d5a32c12,1
976,8a858f03582604ff01582a09d5a32c12,1
977,8a858f03582604ff01582a09d5a32c12,1
978,8a858f03582604ff01582a09d5a32c12,1
979,8a858f03582604ff01582a09d5a32c12,1
980,8a858f03582604ff01582a09d5a32c12,1
981,8a858f03582604ff01582a09d5a32c12,1
982,8a858f03582604ff01582a09d5a32c12,1
983,8a858f03582604ff01582a09d5a32c12,1
984,8a858f03582604ff01582a09d5a32c12,1
985,8a858f03582604ff01582a09d5a32c12,1
986,8a858f03582604ff01582a09d5a32c12,1
987,8a858f03582604ff01582a09d5a32c12,1
988,8a858f03582604ff01582a09d5a32c12,1
989,8a858f03582604ff01582a09d5a32c12,1
990,8a858f03582604ff01582a09d5a32c12,1
991,8a858fe55b013a0b015b0b5996ce4111,1
992,8a858f98560bbe1101560db94d740f06,1
993,8a858f98560bbe1101560db94d740f06,1
994,8a858f98560bbe1101560db94d740f06,1
995,8a858f98560bbe1101560db94d740f06,1
996,8a858f98560bbe1101560db94d740f06,1
997,8a858e3654e2a8240154e9fa08b9171e,1
998,8a858e3654e2a8240154e9fa08b9171e,1
999,8a858e3654e2a8240154e9fa08b9171e,1
1000,8a858e3654e2a8240154e9fa08b9171e,1
1001,8a858e3654e2a8240154e9fa08b9171e,1
1002,8a858e3654e2a8240154e9fa08b9171e,1
1003,8a858fa859a7641e0159a9122c3c61b5,1
1004,8a858fa859a7641e0159a9122c3c61b5,1
1005,8a858fa859a7641e0159a9122c3c61b5,1
1006,8a858fa859a7641e0159a9122c3c61b5,1
1007,8a858f585cf9d48b015cf9ee030e10ad,1
1008,8a858eab5cf9c4c8015d03737a977738,1
1009,8a858f265c2187bd015c21d5f78413fc,1
1010,8a858f565b683b56015b77d6c4b14751,1
1011,8a858f565b683b56015b77d6c4b14751,1
1012,8a858f565b683b56015b77d6c4b14751,1
1013,8a858f565b683b56015b77d6c4b14751,1
1014,8a858eb55b24c7b8015b24d6095c0c46,1
1015,8a858eb55b24c7b8015b24d6095c0c46,1
1016,8a858eb55b24c7b8015b24d6095c0c46,1
1017,8a858eb55b24c7b8015b24d6095c0c46,1
1018,8a858eb55b24c7b8015b24d6095c0c46,1
1019,8a858eb55b24c7b8015b24d6095c0c46,1
1020,8a858e875cfa37f5015d0d0f292e04c9,1
1021,8a8588fd53c244bc0153c77b6b9e691b,1
1022,8a8588fd53c244bc0153c77b6b9e691b,1
1023,8a8588fd53c244bc0153c77b6b9e691b,1
1024,8a8588fd53c244bc0153c77b6b9e691b,1
1025,8a8588fd53c244bc0153c77b6b9e691b,1
1026,8a8588fd53c244bc0153c77b6b9e691b,1
1027,8a8588fd53c244bc0153c77b6b9e691b,1
1028,8a8588fd53c244bc0153c77b6b9e691b,1
1029,8a858f975c4582c4015c5379bebc030a,1
1030,8a858f975c4582c4015c5379bebc030a,1
1031,8a858e875b910dfe015b9a75f78739f7,1
1032,8a858e875b910dfe015b9a75f78739f7,1
1033,8a858e875b910dfe015b9a75f78739f7,1
1034,8a858e875b910dfe015b9a75f78739f7,1
1035,8a858e875b910dfe015b9a75f78739f7,1
1036,8a858f2e5c699f3a015c7405e386784e,1
1037,8a858e9b5bcf8546015bd34d1f801a05,1
1038,8a858e9b5bcf8546015bd34d1f801a05,1
1039,8a858e9b5bcf8546015bd34d1f801a05,1
1040,8a858e475c127bce015c1715ca853ccf,1
1041,8a858e475c127bce015c1715ca853ccf,1
1042,8a858e345bd96da8015be325004232e3,1
1043,8a858e345bd96da8015be325004232e3,1
1044,8a858e345bd96da8015be325004232e3,1
1045,8a858f535908095c01592c4a9576186c,1
1046,8a858f535908095c01592c4a9576186c,1
1047,8a858f535908095c01592c4a9576186c,1
1048,8a858f535908095c01592c4a9576186c,1
1049,8a858f535908095c01592c4a9576186c,1
1050,8a858f535908095c01592c4a9576186c,1
1051,8a858ea555d9e6020155efaba6540a82,1
1052,8a858ea555d9e6020155efaba6540a82,1
1053,8a858ea555d9e6020155efaba6540a82,1
1054,8a858ea555d9e6020155efaba6540a82,1
1055,8a858ea555d9e6020155efaba6540a82,1
1056,8a858ea555d9e6020155efaba6540a82,1
1057,8a858ea555d9e6020155efaba6540a82,1
1058,8a858ea555d9e6020155efaba6540a82,1
1059,8a858ea555d9e6020155efaba6540a82,1
1060,8a858ea555d9e6020155efaba6540a82,1
1061,8a858e905a8fc7af015a903b5fb63073,1
1062,8a858e905a8fc7af015a903b5fb63073,1
1063,8a858e905a8fc7af015a903b5fb63073,1
1064,8a858e905a8fc7af015a903b5fb63073,1
1065,8a858e905a8fc7af015a903b5fb63073,1
1066,8a858f7d5578012a015579e9cfd56f51,1
1067,8a858f7d5578012a015579e9cfd56f51,1
1068,8a858f7d5578012a015579e9cfd56f51,1
1069,8a858f7d5578012a015579e9cfd56f51,1
1070,8a858f7d5578012a015579e9cfd56f51,1
1071,8a858f7d5578012a015579e9cfd56f51,1
1072,8a858f4f59f4ed130159f50d47b117a0,1
1073,8a858f4f59f4ed130159f50d47b117a0,1
1074,8a858f4f59f4ed130159f50d47b117a0,1
1075,8a858e8f5d41c974015d464347443fae,1
1076,8a858f965bb63a25015bbb3c90f07658,1
1077,8a858f1f5c834d4f015c872619d66fd2,1
1078,8a858966538deb19015391420fe01f59,1
1079,8a858966538deb19015391420fe01f59,1
1080,8a858966538deb19015391420fe01f59,1
1081,8a858966538deb19015391420fe01f59,1
1082,8a858966538deb19015391420fe01f59,1
1083,8a858edc59e0d8f70159eba2590759b5,1
1084,8a858edc59e0d8f70159eba2590759b5,1
1085,8a858edc59e0d8f70159eba2590759b5,1
1086,8a858edc59e0d8f70159eba2590759b5,1
1087,8a858edc59e0d8f70159eba2590759b5,1
1088,8a858e345bd96da8015bdaa8f56d42c1,1
1089,8a85896653f0fed20154065bbe063ff7,1
1090,8a85896653f0fed20154065bbe063ff7,1
1091,8a85896653f0fed20154065bbe063ff7,1
1092,8a85896653f0fed20154065bbe063ff7,1
1093,8a85896653f0fed20154065bbe063ff7,1
1094,8a85896653f0fed20154065bbe063ff7,1
1095,8a85896653f0fed20154065bbe063ff7,1
1096,8a85896653f0fed20154065bbe063ff7,1
1097,8a85896653f0fed20154065bbe063ff7,1
1098,8a85896653f0fed20154065bbe063ff7,1
1099,8a85896653f0fed20154065bbe063ff7,1
1100,8a85896653f0fed20154065bbe063ff7,1
1101,8a85896653f0fed20154065bbe063ff7,1
1102,8a85896653f0fed20154065bbe063ff7,1
1103,8a85896653f0fed20154065bbe063ff7,1
1104,8a858eb4588604f70158863ec5720ce8,1
1105,8a858eb4588604f70158863ec5720ce8,1
1106,8a858eb4588604f70158863ec5720ce8,1
1107,8a858eb4588604f70158863ec5720ce8,1
1108,8a858f7c5be8dc45015be8e136700347,1
1109,8a858f7c5be8dc45015be8e136700347,1
1110,8a858e245a4f0e47015a5adda94f4429,1
1111,8a858e245a4f0e47015a5adda94f4429,1
1112,8a858e245a4f0e47015a5adda94f4429,1
1113,8a858e245a4f0e47015a5adda94f4429,1
1114,8a858e245a4f0e47015a5adda94f4429,1
1115,8a858e245a4f0e47015a5adda94f4429,1
1116,8a858f7c5ccaf06d015ccb09b0070f34,1
1117,8a858f7c5ccaf06d015ccb09b0070f34,1
1118,8a858e8d56b784480156b8dfa2c27373,1
1119,8a858e8d56b784480156b8dfa2c27373,1
1120,8a858e8d56b784480156b8dfa2c27373,1
1121,8a858f985bee01cb015bee649b4f3611,1
1122,8a858f985bee01cb015bee649b4f3611,1
1123,8a858faf56b7821c0156cdaa248222fd,1
1124,8a858faf56b7821c0156cdaa248222fd,1
1125,8a858f235b8bf5bc015b8bfee8ee084c,1
1126,8a858ef255c55fd60155daa40f514312,1
1127,8a858e2c5bd33ac0015bd3680c8b1bad,1
1128,8a858e2c5bd33ac0015bd3680c8b1bad,1
1129,8a858fc35b347bd4015b34c1a0db575f,1
1130,8a858fc35b347bd4015b34c1a0db575f,1
1131,8a858fc35b347bd4015b34c1a0db575f,1
1132,8a858e205c21d53a015c2a1bbee92567,1
1133,8a858e205c21d53a015c2a1bbee92567,1
1134,8a858e875c63d395015c6f115be54028,1
1135,8a858f735b437619015b439524ec306f,1
1136,8a858f735b437619015b439524ec306f,1
1137,8a858f735b437619015b439524ec306f,1
1138,8a858e7c588604a401589940135a58fd,1
1139,8a858e7c588604a401589940135a58fd,1
1140,8a858e7c588604a401589940135a58fd,1
1141,8a858e7c588604a401589940135a58fd,1
1142,8a858e7c588604a401589940135a58fd,1
1143,8a858e7c588604a401589940135a58fd,1
1144,8a8589c1545181f3015481a6fb827b40,1
1145,8a8589c1545181f3015481a6fb827b40,1
1146,8a8589c1545181f3015481a6fb827b40,1
1147,8a8589c1545181f3015481a6fb827b40,1
1148,8a8589c1545181f3015481a6fb827b40,1
1149,8a8589c1545181f3015481a6fb827b40,1
1150,8a8589c1545181f3015481a6fb827b40,1
1151,8a858e605ce99f55015cea610eab6542,1
1152,8a858f465668e3d601567dc3f5970090,1
1153,8a858f465668e3d601567dc3f5970090,1
1154,8a858f465668e3d601567dc3f5970090,1
1155,8a858f465668e3d601567dc3f5970090,1
1156,8a858f465668e3d601567dc3f5970090,1
1157,8a858f465668e3d601567dc3f5970090,1
1158,8a858f465668e3d601567dc3f5970090,1
1159,8a858f3e5885ffa301588ccdf1b437ef,1
1160,8a858f3e5885ffa301588ccdf1b437ef,1
1161,8a858f3e5885ffa301588ccdf1b437ef,1
1162,8a858f3e5885ffa301588ccdf1b437ef,1
1163,8a858f3e5885ffa301588ccdf1b437ef,1
1164,8a858f3e5885ffa301588ccdf1b437ef,1
1165,8a858f3e5885ffa301588ccdf1b437ef,1
1166,8a858f3e5885ffa301588ccdf1b437ef,1
1167,8a858f3e5885ffa301588ccdf1b437ef,1
1168,8a858f2c585375f00158678b108144f8,1
1169,8a858f2c585375f00158678b108144f8,1
1170,8a858f2c585375f00158678b108144f8,1
1171,8a858f2c585375f00158678b108144f8,1
1172,8a858f2c585375f00158678b108144f8,1
1173,8a858f2c585375f00158678b108144f8,1
1174,8a858f2c585375f00158678b108144f8,1
1175,8a858f005cc5df15015cc5eb75d00970,1
1176,8a858f005b396e23015b397ce2dc1159,1
1177,8a858f005b396e23015b397ce2dc1159,1
1178,8a858f005b396e23015b397ce2dc1159,1
1179,8a858f005b396e23015b397ce2dc1159,1
1180,8a858e6c5c88d145015ca0b1c8b17bd8,1
1181,8a858f8f5bfd3cfa015c0cec47c055f1,1
1182,8a858f8f5bfd3cfa015c0cec47c055f1,1
1183,8a858e36590808e30159431352ef5f7d,1
1184,8a8588f5542eb0d4015436389126718b,1
1185,8a8588f5542eb0d4015436389126718b,1
1186,8a8588f5542eb0d4015436389126718b,1
1187,8a8588f5542eb0d4015436389126718b,1
1188,8a8588f5542eb0d4015436389126718b,1
1189,8a8588f5542eb0d4015436389126718b,1
1190,8a8588f5542eb0d4015436389126718b,1
1191,8a8588f5542eb0d4015436389126718b,1
1192,8a8588f5542eb0d4015436389126718b,1
1193,8a8588f5542eb0d4015436389126718b,1
1194,8a8588f5542eb0d4015436389126718b,1
1195,8a8588f5542eb0d4015436389126718b,1
1196,8a858e69566ae5b8015690272e3553fa,1
1197,8a858e69566ae5b8015690272e3553fa,1
1198,8a858e69566ae5b8015690272e3553fa,1
1199,8a858e69566ae5b8015690272e3553fa,1
1200,8a858e69566ae5b8015690272e3553fa,1
1201,8a858e69566ae5b8015690272e3553fa,1
1202,8a858e69566ae5b8015690272e3553fa,1
1203,8a858e69566ae5b8015690272e3553fa,1
1204,8a858e69566ae5b8015690272e3553fa,1
1205,8a858fc35b347bd4015b34bbb0e15271,1
1206,8a858fc35b347bd4015b34bbb0e15271,1
1207,8a858fc35b347bd4015b34bbb0e15271,1
1208,8a858fc35b347bd4015b34bbb0e15271,1
1209,8a858fed5a28bf0e015a2a1969814dc1,1
1210,8a858fed5a28bf0e015a2a1969814dc1,1
1211,8a858e1158dc4d830158fabcf67068d0,1
1212,8a858e1158dc4d830158fabcf67068d0,1
1213,8a858e1158dc4d830158fabcf67068d0,1
1214,8a858e1158dc4d830158fabcf67068d0,1
1215,8a858e1158dc4d830158fabcf67068d0,1
1216,8a858e8d56b784480156c74508a36a02,1
1217,8a858e8d56b784480156c74508a36a02,1
1218,8a858e8d56b784480156c74508a36a02,1
1219,8a858e8d56b784480156c74508a36a02,1
1220,8a858e8d56b784480156c74508a36a02,1
1221,8a858e8d56b784480156c74508a36a02,1
1222,8a858e8d56b784480156c74508a36a02,1
1223,8a858e8d56b784480156c74508a36a02,1
1224,8a858e8d56b784480156c74508a36a02,1
1225,8a858f0c5cc68025015cc6e912161dc0,1
1226,8a85893d53f104eb015410ce1d262cdd,1
1227,8a85893d53f104eb015410ce1d262cdd,1
1228,8a85893d53f104eb015410ce1d262cdd,1
1229,8a85893d53f104eb015410ce1d262cdd,1
1230,8a85893d53f104eb015410ce1d262cdd,1
1231,8a85893d53f104eb015410ce1d262cdd,1
1232,8a85893d53f104eb015410ce1d262cdd,1
1233,8a85893d53f104eb015410ce1d262cdd,1
1234,8a85893d53f104eb015410ce1d262cdd,1
1235,8a85893d53f104eb015410ce1d262cdd,1
1236,8a85893d53f104eb015410ce1d262cdd,1
1237,8a858fb15b34a708015b361f8b9921bd,1
1238,8a858fb15b34a708015b361f8b9921bd,1
1239,8a858fb15b34a708015b361f8b9921bd,1
1240,8a858fb15b34a708015b361f8b9921bd,1
1241,8a858fb15b34a708015b361f8b9921bd,1
1242,8a858fb15b34a708015b361f8b9921bd,1
1243,8a858fb15b34a708015b361f8b9921bd,1
1244,8a858ea15c884829015c8c27adb903b4,1
1245,8a8589f35451855401546bca9c952edb,1
1246,8a8589f35451855401546bca9c952edb,1
1247,8a8589f35451855401546bca9c952edb,1
1248,8a8589f35451855401546bca9c952edb,1
1249,8a8589f35451855401546bca9c952edb,1
1250,8a8589f35451855401546bca9c952edb,1
1251,8a8589f35451855401546bca9c952edb,1
1252,8a8589f35451855401546bca9c952edb,1
1253,8a8589f35451855401546bca9c952edb,1
1254,8a8589f35451855401546bca9c952edb,1
1255,8a8589f35451855401546bca9c952edb,1
1256,8a8589f35451855401546bca9c952edb,1
1257,8a8589f35451855401546bca9c952edb,1
1258,8a8589f35451855401546bca9c952edb,1
1259,8a858f0b5c595029015c598f160d2495,1
1260,8a858fcb5ca240f7015ca5ca808f4285,1
1261,8a858fa4552add9f01555355c66043ac,1
1262,8a858fa4552add9f01555355c66043ac,1
1263,8a858fa4552add9f01555355c66043ac,1
1264,8a858fa4552add9f01555355c66043ac,1
1265,8a858fa4552add9f01555355c66043ac,1
1266,8a858fa4552add9f01555355c66043ac,1
1267,8a858fa4552add9f01555355c66043ac,1
1268,8a858fa4552add9f01555355c66043ac,1
1269,8a858fa4552add9f01555355c66043ac,1
1270,8a858eba5c884d2a015c89bb147c054e,1
1271,8a858e345bd96da8015be708cfda2c74,1
1272,8a858e345bd96da8015be708cfda2c74,1
1273,8a858ed55c63db54015c68298dce5e26,1
1274,8a858e3d570f30bb01571db9f99b0254,1
1275,8a858e3d570f30bb01571db9f99b0254,1
1276,8a858e3d570f30bb01571db9f99b0254,1
1277,8a858e3d570f30bb01571db9f99b0254,1
1278,8a858e3d570f30bb01571db9f99b0254,1
1279,8a858e3d570f30bb01571db9f99b0254,1
1280,8a858e3d570f30bb01571db9f99b0254,1
1281,8a858ee05a6b7d75015a6c9816c25449,1
1282,8a858ee05a6b7d75015a6c9816c25449,1
1283,8a858ee05a6b7d75015a6c9816c25449,1
1284,8a858fee5863a04901586977ceb769d2,1
1285,8a858fee5863a04901586977ceb769d2,1
1286,8a858fee5863a04901586977ceb769d2,1
1287,8a858fee5863a04901586977ceb769d2,1
1288,8a858fee5863a04901586977ceb769d2,1
1289,8a858fee5863a04901586977ceb769d2,1
1290,8a858fee5863a04901586977ceb769d2,1
1291,8a858fee5863a04901586977ceb769d2,1
1292,8a85881a5420ebf101543716beee1039,1
1293,8a85881a5420ebf101543716beee1039,1
1294,8a85881a5420ebf101543716beee1039,1
1295,8a85881a5420ebf101543716beee1039,1
1296,8a85881a5420ebf101543716beee1039,1
1297,8a85881a5420ebf101543716beee1039,1
1298,8a858f5659bc0eea0159c6f4b9ab6a80,1
1299,8a858f5659bc0eea0159c6f4b9ab6a80,1
1300,8a858f5659bc0eea0159c6f4b9ab6a80,1
1301,8a858f5659bc0eea0159c6f4b9ab6a80,1
1302,8a858ef45be99ccb015bec00e8ff5383,1
1303,8a858ef45be99ccb015bec00e8ff5383,1
1304,8a858f045bc9690c015bca51755455a1,1
1305,8a858f045bc9690c015bca51755455a1,1
1306,8a858fd75bc96a6f015bcab7caf06c3f,1
1307,8a858fd75bc96a6f015bcab7caf06c3f,1
1308,8a858fd75bc96a6f015bcab7caf06c3f,1
1309,8a8589ec54517bf90154682378410694,1
1310,8a8589ec54517bf90154682378410694,1
1311,8a8589ec54517bf90154682378410694,1
1312,8a8589ec54517bf90154682378410694,1
1313,8a8589ec54517bf90154682378410694,1
1314,8a8589ec54517bf90154682378410694,1
1315,8a8589ec54517bf90154682378410694,1
1316,8a8589ec54517bf90154682378410694,1
1317,8a8589ec54517bf90154682378410694,1
1318,8a8589ec54517bf90154682378410694,1
1319,8a8589ec54517bf90154682378410694,1
1320,8a858f2656e154de0156eba07ec86e98,1
1321,8a858f2656e154de0156eba07ec86e98,1
1322,8a858f2656e154de0156eba07ec86e98,1
1323,8a858f2656e154de0156eba07ec86e98,1
1324,8a858f075cee6786015ceeb680a533f4,1
1325,8a858ec95afc0922015b0edc17e34984,1
1326,8a858ec95afc0922015b0edc17e34984,1
1327,8a858ec95afc0922015b0edc17e34984,1
1328,8a858ffd5c8d343d015c8f02ce3004ad,1
1329,8a858ffd5c8d343d015c8f02ce3004ad,1
1330,8a858fc45c5f93be015c63842ca27543,1
1331,8a858e69566ae5b801568fe0bb8a4fd0,1
1332,8a858e69566ae5b801568fe0bb8a4fd0,1
1333,8a858e69566ae5b801568fe0bb8a4fd0,1
1334,8a858e69566ae5b801568fe0bb8a4fd0,1
1335,8a858e69566ae5b801568fe0bb8a4fd0,1
1336,8a858e69566ae5b801568fe0bb8a4fd0,1
1337,8a858e69566ae5b801568fe0bb8a4fd0,1
1338,8a858e69566ae5b801568fe0bb8a4fd0,1
1339,8a858e69566ae5b801568fe0bb8a4fd0,1
1340,8a858e69566ae5b801568fe0bb8a4fd0,1
1341,8a858e69566ae5b801568fe0bb8a4fd0,1
1342,8a858e69566ae5b801568fe0bb8a4fd0,1
1343,8a858e69566ae5b801568fe0bb8a4fd0,1
1344,8a858e69566ae5b801568fe0bb8a4fd0,1
1345,8a858e69566ae5b801568fe0bb8a4fd0,1
1346,8a858f465668e3d6015673c90e483f44,1
1347,8a858f465668e3d6015673c90e483f44,1
1348,8a858e285c7c7fc9015c7c8c1e040865,1
1349,8a858e725cf420fd015cf437db121438,1
1350,8a858e69566ae5b80156711deca24df3,1
1351,8a858e69566ae5b80156711deca24df3,1
1352,8a858e69566ae5b80156711deca24df3,1
1353,8a858e69566ae5b80156711deca24df3,1
1354,8a858e69566ae5b80156711deca24df3,1
1355,8a858e69566ae5b80156711deca24df3,1
1356,8a858e69566ae5b80156711deca24df3,1
1357,8a858e69566ae5b80156711deca24df3,1
1358,8a8588dc5384a05f01539a4fbd8e1f5d,1
1359,8a8588dc5384a05f01539a4fbd8e1f5d,1
1360,8a8588dc5384a05f01539a4fbd8e1f5d,1
1361,8a8588dc5384a05f01539a4fbd8e1f5d,1
1362,8a8588dc5384a05f01539a4fbd8e1f5d,1
1363,8a858ee25b34d796015b380aa54b5f73,1
1364,8a858ee25b34d796015b380aa54b5f73,1
1365,8a858ee25b34d796015b380aa54b5f73,1
1366,8a858ff554e290e10155065b5ba54cce,1
1367,8a858ff554e290e10155065b5ba54cce,1
1368,8a858ff554e290e10155065b5ba54cce,1
1369,8a858ff554e290e10155065b5ba54cce,1
1370,8a858ff554e290e10155065b5ba54cce,1
1371,8a858ff554e290e10155065b5ba54cce,1
1372,8a858ff554e290e10155065b5ba54cce,1
1373,8a858ff554e290e10155065b5ba54cce,1
1374,8a858ff554e290e10155065b5ba54cce,1
1375,8a858ff554e290e10155065b5ba54cce,1
1376,8a858ff554e290e10155065b5ba54cce,1
1377,8a858ff554e290e10155065b5ba54cce,1
1378,8a858eba5591bf28015596e245a341ea,1
1379,8a858eba5591bf28015596e245a341ea,1
1380,8a858eba5591bf28015596e245a341ea,1
1381,8a858eba5591bf28015596e245a341ea,1
1382,8a858eba5591bf28015596e245a341ea,1
1383,8a858eba5591bf28015596e245a341ea,1
1384,8a858eba5591bf28015596e245a341ea,1
1385,8a858e44573d4b3701574dcc81ef0120,1
1386,8a858e44573d4b3701574dcc81ef0120,1
1387,8a858e44573d4b3701574dcc81ef0120,1
1388,8a858e44573d4b3701574dcc81ef0120,1
1389,8a858e44573d4b3701574dcc81ef0120,1
1390,8a858e44573d4b3701574dcc81ef0120,1
1391,8a858e44573d4b3701574dcc81ef0120,1
1392,8a858f7c5ad29e0f015ad2ac49010f4d,1
1393,8a858f7c5ad29e0f015ad2ac49010f4d,1
1394,8a858f7c5ad29e0f015ad2ac49010f4d,1
1395,8a858f7c5ad29e0f015ad2ac49010f4d,1
1396,8a858f7c5ad29e0f015ad2ac49010f4d,1
1397,8a858f7c5ad29e0f015ad2ac49010f4d,1
1398,8a858f535d325481015d3593ac7e0cb3,1
1399,8a858f6e5cb16eb9015cb7fd2766646d,1
1400,8a858e625c8d993a015c944701ea0746,1
1401,8a858f305cb1ec4e015cc075bf43795e,1
1402,8a858f3355ae6a610155c4dcf6ab573c,1
1403,8a858f3355ae6a610155c4dcf6ab573c,1
1404,8a858f3355ae6a610155c4dcf6ab573c,1
1405,8a858f3355ae6a610155c4dcf6ab573c,1
1406,8a858f3355ae6a610155c4dcf6ab573c,1
1407,8a858f3355ae6a610155c4dcf6ab573c,1
1408,8a858f3355ae6a610155c4dcf6ab573c,1
1409,8a858f3355ae6a610155c4dcf6ab573c,1
1410,8a858f3355ae6a610155c4dcf6ab573c,1
1411,8a858f30551130db0155158c6aea0483,1
1412,8a858e6f5668e01701567d90922848d5,1
1413,8a858e6f5668e01701567d90922848d5,1
1414,8a858e6f5668e01701567d90922848d5,1
1415,8a858e6f5668e01701567d90922848d5,1
1416,8a858e6f5668e01701567d90922848d5,1
1417,8a858e6f5668e01701567d90922848d5,1
1418,8a858e6f5668e01701567d90922848d5,1
1419,8a858e6f5668e01701567d90922848d5,1
1420,8a858e6f5668e01701567d90922848d5,1
1421,8a858e6f5668e01701567d90922848d5,1
1422,8a858f2d5853901a01585dcf769f26de,1
1423,8a858e6a5bfd4b54015c0065e2c6050f,1
1424,8a858f595d1387e8015d149bd8e57256,1
1425,8a858e775c362114015c3ac335ce7f57,1
1426,8a858e775c362114015c3ac335ce7f57,1
1427,8a858fee5aaeb536015ab028da65651f,1
1428,8a858fee5aaeb536015ab028da65651f,1
1429,8a858fee5aaeb536015ab028da65651f,1
1430,8a858fee5aaeb536015ab028da65651f,1
1431,8a858fee5aaeb536015ab028da65651f,1
1432,8a858fee5aaeb536015ab028da65651f,1
1433,8a858fee5aaeb536015ab028da65651f,1
1434,8a858899538ddb8e01539042374a1e26,1
1435,8a858899538ddb8e01539042374a1e26,1
1436,8a858899538ddb8e01539042374a1e26,1
1437,8a858899538ddb8e01539042374a1e26,1
1438,8a858899538ddb8e01539042374a1e26,1
1439,8a858899538ddb8e01539042374a1e26,1
1440,8a858899538ddb8e01539042374a1e26,1
1441,8a858899538ddb8e01539042374a1e26,1
1442,8a858899538ddb8e01539042374a1e26,1
1443,8a858899538ddb8e01539042374a1e26,1
1444,8a858899538ddb8e01539042374a1e26,1
1445,8a858899538ddb8e01539042374a1e26,1
1446,8a858899538ddb8e01539042374a1e26,1
1447,8a858899538ddb8e01539042374a1e26,1
1448,8a858899538ddb8e01539042374a1e26,1
1449,8a858fc25bafabdc015bb016ef44386e,1
1450,8a858fc25bafabdc015bb016ef44386e,1
1451,8a858fc25bafabdc015bb016ef44386e,1
1452,8a858fc25bafabdc015bb016ef44386e,1
1453,8a858fc25bafabdc015bb016ef44386e,1
1454,8a858ef358d4a48e0158e97fe129792e,1
1455,8a858ef358d4a48e0158e97fe129792e,1
1456,8a858ef358d4a48e0158e97fe129792e,1
1457,8a858ebd5b254c8b015b2ebaaf2652a7,1
1458,8a858ebd5b254c8b015b2ebaaf2652a7,1
1459,8a858ebd5b254c8b015b2ebaaf2652a7,1
1460,8a858f54592214a0015926bce60f2108,1
1461,8a858f54592214a0015926bce60f2108,1
1462,8a858f54592214a0015926bce60f2108,1
1463,8a858e105c1c09c8015c1d4a28156d9a,1
1464,8a858e105c1c09c8015c1d4a28156d9a,1
1465,8a858e105c1c09c8015c1d4a28156d9a,1
1466,8a8588f35438fe1201544910ded312f7,1
1467,8a8588f35438fe1201544910ded312f7,1
1468,8a8588f35438fe1201544910ded312f7,1
1469,8a8588f35438fe1201544910ded312f7,1
1470,8a8588f35438fe1201544910ded312f7,1
1471,8a858ef25c8393f8015c83fa6fe71cbc,1
1472,8a858f5a57519e4801576b2bd3284e9c,1
1473,8a858f5a57519e4801576b2bd3284e9c,1
1474,8a858f5a57519e4801576b2bd3284e9c,1
1475,8a858f5a57519e4801576b2bd3284e9c,1
1476,8a858e035693e02901569c2e205d58ac,1
1477,8a858e035693e02901569c2e205d58ac,1
1478,8a858e035693e02901569c2e205d58ac,1
1479,8a858e035693e02901569c2e205d58ac,1
1480,8a858e035693e02901569c2e205d58ac,1
1481,8a858e035693e02901569c2e205d58ac,1
1482,8a858f975c4582c4015c468f7f4f4e9a,1
1483,8a858efe5bca0a81015bcafa92f72787,1
1484,8a858efe5bca0a81015bcafa92f72787,1
1485,8a858eae5c356262015c3575c5b40c22,1
1486,8a858eae5c356262015c3575c5b40c22,1
1487,8a858eae5c356262015c3575c5b40c22,1
1488,8a858e6f5668e01701568dc4c95e13d0,1
1489,8a858e6f5668e01701568dc4c95e13d0,1
1490,8a858e6f5668e01701568dc4c95e13d0,1
1491,8a858e6f5668e01701568dc4c95e13d0,1
1492,8a858e6f5668e01701568dc4c95e13d0,1
1493,8a858e6f5668e01701568dc4c95e13d0,1
1494,8a858e6f5668e01701568dc4c95e13d0,1
1495,8a858f275a8e994e015a8ebcf96914e1,1
1496,8a858f275a8e994e015a8ebcf96914e1,1
1497,8a858f275a8e994e015a8ebcf96914e1,1
1498,8a858f275a8e994e015a8ebcf96914e1,1
1499,8a858fab5cd5e1a7015cdf590c9d1f59,1
1500,8a8588f754a058cb0154bb6c773d1bbb,1
1501,8a8588f754a058cb0154bb6c773d1bbb,1
1502,8a8588f754a058cb0154bb6c773d1bbb,1
1503,8a8588f754a058cb0154bb6c773d1bbb,1
1504,8a8588f754a058cb0154bb6c773d1bbb,1
1505,8a8588f754a058cb0154bb6c773d1bbb,1
1506,8a8588f754a058cb0154bb6c773d1bbb,1
1507,8a8588f754a058cb0154bb6c773d1bbb,1
1508,8a8588f754a058cb0154bb6c773d1bbb,1
1509,8a858f255cb1710a015cc3e7f142101c,1
1510,8a858e6c5c88d145015c97ee34d02391,1
1511,8a858e36590808e3015947b0870e6c89,1
1512,8a858e36590808e3015947b0870e6c89,1
1513,8a858e36590808e3015947b0870e6c89,1
1514,8a858e36590808e3015947b0870e6c89,1
1515,8a858e36590808e3015947b0870e6c89,1
1516,8a858e36590808e3015947b0870e6c89,1
1517,8a858e0f5c45466f015c541a01a868a1,1
1518,8a858e35589c0ac00158a5b90844229d,1
1519,8a858e35589c0ac00158a5b90844229d,1
1520,8a858e35589c0ac00158a5b90844229d,1
1521,8a858e35589c0ac00158a5b90844229d,1
1522,8a858e35589c0ac00158a5b90844229d,1
1523,8a858e35589c0ac00158a5b90844229d,1
1524,8a858e35589c0ac00158a5b90844229d,1
1525,8a858e35589c0ac00158a5b90844229d,1
1526,8a858e35589c0ac00158a5b90844229d,1
1527,8a858e35589c0ac00158a5b90844229d,1
1528,8a858e35589c0ac00158a5b90844229d,1
1529,8a858fd05bf22b18015bf25758ea1c9e,1
1530,8a858fd05bf22b18015bf25758ea1c9e,1
1531,8a858feb58c565cf0158d11c49895721,1
1532,8a858feb58c565cf0158d11c49895721,1
1533,8a858e185b57cc76015b57ee502c112c,1
1534,8a858fa1581f869601582023dd373106,1
1535,8a858fa1581f869601582023dd373106,1
1536,8a858fa1581f869601582023dd373106,1
1537,8a858fa1581f869601582023dd373106,1
1538,8a858fa1581f869601582023dd373106,1
1539,8a858fa1581f869601582023dd373106,1
1540,8a858fa1581f869601582023dd373106,1
1541,8a858fa1581f869601582023dd373106,1
1542,8a858fd05bfd7d3c015bfe43473d3c9d,1
1543,8a858fd05bfd7d3c015bfe43473d3c9d,1
1544,8a858fd05bfd7d3c015bfe43473d3c9d,1
1545,8a858fd05bfd7d3c015bfe43473d3c9d,1
1546,8a858ee755a0c84a0155a77bd775235f,1
1547,8a858ee755a0c84a0155a77bd775235f,1
1548,8a858ee755a0c84a0155a77bd775235f,1
1549,8a858ee755a0c84a0155a77bd775235f,1
1550,8a858ee755a0c84a0155a77bd775235f,1
1551,8a858f565b683b56015b7ad54ddc7f78,1
1552,8a858f5f55f9698c0156028d5ba328e7,1
1553,8a858f5f55f9698c0156028d5ba328e7,1
1554,8a858f5f55f9698c0156028d5ba328e7,1
1555,8a858f5f55f9698c0156028d5ba328e7,1
1556,8a858f5f55f9698c0156028d5ba328e7,1
1557,8a858f5f55f9698c0156028d5ba328e7,1
1558,8a858f5f55f9698c0156028d5ba328e7,1
1559,8a858f5f55f9698c0156028d5ba328e7,1
1560,8a858f5f55f9698c0156028d5ba328e7,1
1561,8a858f5f55f9698c0156028d5ba328e7,1
1562,8a858f5f55f9698c0156028d5ba328e7,1
1563,8a858ed55c63db54015c6f9d253b5be9,1
1564,8a858ed55c63db54015c6f9d253b5be9,1
1565,8a858ed55c63db54015c6f9d253b5be9,1
1566,8a858f8a5b146b08015b14807b6c1308,1
1567,8a858f8a5b146b08015b14807b6c1308,1
1568,8a858f9f5679951a01567bdd5d0776da,1
1569,8a858f9f5679951a01567bdd5d0776da,1
1570,8a858eb554d4ccaf0154de19c1281f9d,1
1571,8a858eb554d4ccaf0154de19c1281f9d,1
1572,8a858eb554d4ccaf0154de19c1281f9d,1
1573,8a858eb554d4ccaf0154de19c1281f9d,1
1574,8a858e5d5c7e25b4015c8196828519c6,1
1575,8a858f195a374aff015a374cdbbb01a4,1
1576,8a858f195a374aff015a374cdbbb01a4,1
1577,8a858e675a3bef15015a3c06da560bdd,1
1578,8a858fee5863a04901586c7547896071,1
1579,8a858fee5863a04901586c7547896071,1
1580,8a858fee5863a04901586c7547896071,1
1581,8a858fee5863a04901586c7547896071,1
1582,8a858fee5863a04901586c7547896071,1
1583,8a858fee5863a04901586c7547896071,1
1584,8a858e345bd96da8015be4fad6386f24,1
1585,8a858e345bd96da8015be4fad6386f24,1
1586,8a858e775b10631f015b1099fea22372,1
1587,8a858e775b10631f015b1099fea22372,1
1588,8a858e775b10631f015b1099fea22372,1
1589,8a858ebc5b43210a015b4326f173080e,1
1590,8a858faf5679a838015685e32ce57cb0,1
1591,8a858faf5679a838015685e32ce57cb0,1
1592,8a858faf5679a838015685e32ce57cb0,1
1593,8a858faf5679a838015685e32ce57cb0,1
1594,8a858faf5679a838015685e32ce57cb0,1
1595,8a858e445cd56553015ce0837e8536e7,1
1596,8a858e675c3fe0a1015c44ba8a037fee,1
1597,8a858fda5c1bd1f7015c1be7f7450f37,1
1598,8a858fda5c1bd1f7015c1be7f7450f37,1
1599,8a858f0c5ca18b3d015ca194f4a60867,1
1600,8a858e675b00c831015b06776ce75e69,1
1601,8a858e675b00c831015b06776ce75e69,1
1602,8a858e675b00c831015b06776ce75e69,1
1603,8a858e675b00c831015b06776ce75e69,1
1604,8a85881053bc33670153c79e8e84571a,1
